date,category,amount
2023-01-01,Food,45009
2023-01-01,Transport,30847
2023-01-01,Entertainment,21788
2023-01-01,Utilities,82136
2023-01-02,Food,64989
2023-01-02,Transport,56711
2023-01-02,Entertainment,32591
2023-01-02,Utilities,43409
2023-01-03,Food,27706
2023-01-03,Transport,37114
2023-01-03,Entertainment,13630
2023-01-03,Utilities,29290
2023-01-04,Food,77881
2023-01-04,Transport,48185
2023-01-04,Entertainment,17698
2023-01-04,Utilities,35364
2023-01-05,Food,52291
2023-01-05,Transport,20017
2023-01-05,Entertainment,98587
2023-01-05,Utilities,55682
2023-01-06,Food,93177
2023-01-06,Transport,99230
2023-01-06,Entertainment,37165
2023-01-06,Utilities,14386
2023-01-07,Food,36637
2023-01-07,Transport,66382
2023-01-07,Entertainment,90996
2023-01-07,Utilities,71072
2023-01-08,Food,90413
2023-01-08,Transport,80156
2023-01-08,Entertainment,81880
2023-01-08,Utilities,95150
2023-01-09,Food,99142
2023-01-09,Transport,83357
2023-01-09,Entertainment,70939
2023-01-09,Utilities,12669
2023-01-10,Food,48630
2023-01-10,Transport,76031
2023-01-10,Entertainment,85851
2023-01-10,Utilities,60995
2023-01-11,Food,29609
2023-01-11,Transport,36733
2023-01-11,Entertainment,66894
2023-01-11,Utilities,13379
2023-01-12,Food,58655
2023-01-12,Transport,14929
2023-01-12,Entertainment,39942
2023-01-12,Utilities,53838
2023-01-13,Food,39386
2023-01-13,Transport,89087
2023-01-13,Entertainment,29194
2023-01-13,Utilities,68841
2023-01-14,Food,90208
2023-01-14,Transport,84070
2023-01-14,Entertainment,74535
2023-01-14,Utilities,32149
2023-01-15,Food,21754
2023-01-15,Transport,90914
2023-01-15,Entertainment,36456
2023-01-15,Utilities,32433
2023-01-16,Food,47669
2023-01-16,Transport,14945
2023-01-16,Entertainment,51951
2023-01-16,Utilities,48686
2023-01-17,Food,27954
2023-01-17,Transport,41932
2023-01-17,Entertainment,32581
2023-01-17,Utilities,72703
2023-01-18,Food,44144
2023-01-18,Transport,15104
2023-01-18,Entertainment,42481
2023-01-18,Utilities,40720
2023-01-19,Food,30662
2023-01-19,Transport,86949
2023-01-19,Entertainment,88350
2023-01-19,Utilities,55204
2023-01-20,Food,59540
2023-01-20,Transport,74212
2023-01-20,Entertainment,13441
2023-01-20,Utilities,17773
2023-01-21,Food,25772
2023-01-21,Transport,31225
2023-01-21,Entertainment,44394
2023-01-21,Utilities,70078
2023-01-22,Food,77078
2023-01-22,Transport,55420
2023-01-22,Entertainment,15296
2023-01-22,Utilities,87947
2023-01-23,Food,28503
2023-01-23,Transport,77407
2023-01-23,Entertainment,70987
2023-01-23,Utilities,80220
2023-01-24,Food,32167
2023-01-24,Transport,28467
2023-01-24,Entertainment,20499
2023-01-24,Utilities,92273
2023-01-25,Food,81322
2023-01-25,Transport,60997
2023-01-25,Entertainment,42587
2023-01-25,Utilities,90632
2023-01-26,Food,73376
2023-01-26,Transport,33253
2023-01-26,Entertainment,26010
2023-01-26,Utilities,63259
2023-01-27,Food,86928
2023-01-27,Transport,66690
2023-01-27,Entertainment,68740
2023-01-27,Utilities,47031
2023-01-28,Food,71602
2023-01-28,Transport,97127
2023-01-28,Entertainment,88113
2023-01-28,Utilities,74066
2023-01-29,Food,47953
2023-01-29,Transport,70341
2023-01-29,Entertainment,86030
2023-01-29,Utilities,71034
2023-01-30,Food,62165
2023-01-30,Transport,92010
2023-01-30,Entertainment,89208
2023-01-30,Utilities,95743
2023-01-31,Food,30328
2023-01-31,Transport,34496
2023-01-31,Entertainment,84784
2023-01-31,Utilities,67392
2023-02-01,Food,10269
2023-02-01,Transport,52169
2023-02-01,Entertainment,67534
2023-02-01,Utilities,55087
2023-02-02,Food,58256
2023-02-02,Transport,83347
2023-02-02,Entertainment,61435
2023-02-02,Utilities,34302
2023-02-03,Food,18127
2023-02-03,Transport,74224
2023-02-03,Entertainment,54286
2023-02-03,Utilities,69025
2023-02-04,Food,59044
2023-02-04,Transport,72976
2023-02-04,Entertainment,66854
2023-02-04,Utilities,14279
2023-02-05,Food,46366
2023-02-05,Transport,64025
2023-02-05,Entertainment,25544
2023-02-05,Utilities,39614
2023-02-06,Food,52592
2023-02-06,Transport,16398
2023-02-06,Entertainment,21693
2023-02-06,Utilities,35981
2023-02-07,Food,40574
2023-02-07,Transport,72972
2023-02-07,Entertainment,40507
2023-02-07,Utilities,67537
2023-02-08,Food,32722
2023-02-08,Transport,43678
2023-02-08,Entertainment,36993
2023-02-08,Utilities,32322
2023-02-09,Food,58953
2023-02-09,Transport,94081
2023-02-09,Entertainment,32614
2023-02-09,Utilities,48301
2023-02-10,Food,62912
2023-02-10,Transport,24983
2023-02-10,Entertainment,23142
2023-02-10,Utilities,87953
2023-02-11,Food,86717
2023-02-11,Transport,24865
2023-02-11,Entertainment,77558
2023-02-11,Utilities,89451
2023-02-12,Food,61493
2023-02-12,Transport,21535
2023-02-12,Entertainment,33301
2023-02-12,Utilities,48249
2023-02-13,Food,45198
2023-02-13,Transport,26416
2023-02-13,Entertainment,70167
2023-02-13,Utilities,70751
2023-02-14,Food,61701
2023-02-14,Transport,33089
2023-02-14,Entertainment,29328
2023-02-14,Utilities,14112
2023-02-15,Food,75351
2023-02-15,Transport,85171
2023-02-15,Entertainment,73492
2023-02-15,Utilities,52158
2023-02-16,Food,78942
2023-02-16,Transport,41529
2023-02-16,Entertainment,19817
2023-02-16,Utilities,81449
2023-02-17,Food,82478
2023-02-17,Transport,45128
2023-02-17,Entertainment,17285
2023-02-17,Utilities,39728
2023-02-18,Food,25256
2023-02-18,Transport,62715
2023-02-18,Entertainment,28529
2023-02-18,Utilities,65477
2023-02-19,Food,10131
2023-02-19,Transport,62548
2023-02-19,Entertainment,43174
2023-02-19,Utilities,35257
2023-02-20,Food,20549
2023-02-20,Transport,65510
2023-02-20,Entertainment,37271
2023-02-20,Utilities,31154
2023-02-21,Food,90398
2023-02-21,Transport,51924
2023-02-21,Entertainment,85142
2023-02-21,Utilities,77781
2023-02-22,Food,92576
2023-02-22,Transport,40369
2023-02-22,Entertainment,84404
2023-02-22,Utilities,98473
2023-02-23,Food,29473
2023-02-23,Transport,83967
2023-02-23,Entertainment,36488
2023-02-23,Utilities,44637
2023-02-24,Food,84088
2023-02-24,Transport,23186
2023-02-24,Entertainment,33524
2023-02-24,Utilities,84547
2023-02-25,Food,85254
2023-02-25,Transport,17531
2023-02-25,Entertainment,81652
2023-02-25,Utilities,79054
2023-02-26,Food,86226
2023-02-26,Transport,28969
2023-02-26,Entertainment,87685
2023-02-26,Utilities,85917
2023-02-27,Food,39972
2023-02-27,Transport,41210
2023-02-27,Entertainment,29488
2023-02-27,Utilities,19436
2023-02-28,Food,58831
2023-02-28,Transport,95284
2023-02-28,Entertainment,34533
2023-02-28,Utilities,21196
2023-03-01,Food,14542
2023-03-01,Transport,13540
2023-03-01,Entertainment,40143
2023-03-01,Utilities,80469
2023-03-02,Food,23203
2023-03-02,Transport,81199
2023-03-02,Entertainment,53499
2023-03-02,Utilities,98121
2023-03-03,Food,55237
2023-03-03,Transport,17691
2023-03-03,Entertainment,45238
2023-03-03,Utilities,52998
2023-03-04,Food,62159
2023-03-04,Transport,65866
2023-03-04,Entertainment,81801
2023-03-04,Utilities,67027
2023-03-05,Food,26600
2023-03-05,Transport,61835
2023-03-05,Entertainment,44574
2023-03-05,Utilities,96239
2023-03-06,Food,46410
2023-03-06,Transport,76986
2023-03-06,Entertainment,64743
2023-03-06,Utilities,84371
2023-03-07,Food,65370
2023-03-07,Transport,54938
2023-03-07,Entertainment,64943
2023-03-07,Utilities,15256
2023-03-08,Food,45136
2023-03-08,Transport,81338
2023-03-08,Entertainment,84074
2023-03-08,Utilities,64557
2023-03-09,Food,79957
2023-03-09,Transport,13093
2023-03-09,Entertainment,99697
2023-03-09,Utilities,54741
2023-03-10,Food,80671
2023-03-10,Transport,53080
2023-03-10,Entertainment,67501
2023-03-10,Utilities,87433
2023-03-11,Food,21417
2023-03-11,Transport,15159
2023-03-11,Entertainment,80874
2023-03-11,Utilities,39797
2023-03-12,Food,74010
2023-03-12,Transport,62047
2023-03-12,Entertainment,31769
2023-03-12,Utilities,94471
2023-03-13,Food,49470
2023-03-13,Transport,30649
2023-03-13,Entertainment,90361
2023-03-13,Utilities,71690
2023-03-14,Food,36022
2023-03-14,Transport,35415
2023-03-14,Entertainment,56589
2023-03-14,Utilities,30877
2023-03-15,Food,26476
2023-03-15,Transport,58036
2023-03-15,Entertainment,18652
2023-03-15,Utilities,57966
2023-03-16,Food,42025
2023-03-16,Transport,62275
2023-03-16,Entertainment,73310
2023-03-16,Utilities,84772
2023-03-17,Food,49122
2023-03-17,Transport,44713
2023-03-17,Entertainment,83509
2023-03-17,Utilities,58468
2023-03-18,Food,19239
2023-03-18,Transport,14835
2023-03-18,Entertainment,73675
2023-03-18,Utilities,63783
2023-03-19,Food,55825
2023-03-19,Transport,42257
2023-03-19,Entertainment,95849
2023-03-19,Utilities,69693
2023-03-20,Food,93615
2023-03-20,Transport,85696
2023-03-20,Entertainment,41967
2023-03-20,Utilities,24890
2023-03-21,Food,17089
2023-03-21,Transport,99870
2023-03-21,Entertainment,90669
2023-03-21,Utilities,44259
2023-03-22,Food,70126
2023-03-22,Transport,59410
2023-03-22,Entertainment,66389
2023-03-22,Utilities,33103
2023-03-23,Food,52725
2023-03-23,Transport,25634
2023-03-23,Entertainment,73719
2023-03-23,Utilities,94546
2023-03-24,Food,20256
2023-03-24,Transport,35379
2023-03-24,Entertainment,75195
2023-03-24,Utilities,33745
2023-03-25,Food,28341
2023-03-25,Transport,54803
2023-03-25,Entertainment,77189
2023-03-25,Utilities,23863
2023-03-26,Food,16187
2023-03-26,Transport,59363
2023-03-26,Entertainment,53376
2023-03-26,Utilities,30982
2023-03-27,Food,23009
2023-03-27,Transport,54932
2023-03-27,Entertainment,41878
2023-03-27,Utilities,49328
2023-03-28,Food,84931
2023-03-28,Transport,43810
2023-03-28,Entertainment,96824
2023-03-28,Utilities,15578
2023-03-29,Food,48541
2023-03-29,Transport,61918
2023-03-29,Entertainment,10685
2023-03-29,Utilities,58002
2023-03-30,Food,22128
2023-03-30,Transport,73574
2023-03-30,Entertainment,35586
2023-03-30,Utilities,59334
2023-03-31,Food,11688
2023-03-31,Transport,72777
2023-03-31,Entertainment,96914
2023-03-31,Utilities,60675
2023-04-01,Food,72579
2023-04-01,Transport,31105
2023-04-01,Entertainment,43440
2023-04-01,Utilities,90757
2023-04-02,Food,60043
2023-04-02,Transport,81410
2023-04-02,Entertainment,71801
2023-04-02,Utilities,90143
2023-04-03,Food,36622
2023-04-03,Transport,90697
2023-04-03,Entertainment,42862
2023-04-03,Utilities,25160
2023-04-04,Food,23887
2023-04-04,Transport,27621
2023-04-04,Entertainment,23491
2023-04-04,Utilities,81513
2023-04-05,Food,68883
2023-04-05,Transport,32849
2023-04-05,Entertainment,86626
2023-04-05,Utilities,63808
2023-04-06,Food,83762
2023-04-06,Transport,62523
2023-04-06,Entertainment,22202
2023-04-06,Utilities,75293
2023-04-07,Food,75922
2023-04-07,Transport,25871
2023-04-07,Entertainment,60349
2023-04-07,Utilities,16315
2023-04-08,Food,71509
2023-04-08,Transport,74700
2023-04-08,Entertainment,16330
2023-04-08,Utilities,98350
2023-04-09,Food,33129
2023-04-09,Transport,29942
2023-04-09,Entertainment,49063
2023-04-09,Utilities,81459
2023-04-10,Food,43979
2023-04-10,Transport,26245
2023-04-10,Entertainment,28086
2023-04-10,Utilities,40543
2023-04-11,Food,15702
2023-04-11,Transport,65337
2023-04-11,Entertainment,43314
2023-04-11,Utilities,30632
2023-04-12,Food,18822
2023-04-12,Transport,69784
2023-04-12,Entertainment,43646
2023-04-12,Utilities,69171
2023-04-13,Food,93959
2023-04-13,Transport,74011
2023-04-13,Entertainment,68056
2023-04-13,Utilities,13051
2023-04-14,Food,34364
2023-04-14,Transport,14909
2023-04-14,Entertainment,83511
2023-04-14,Utilities,35265
2023-04-15,Food,69557
2023-04-15,Transport,97641
2023-04-15,Entertainment,61786
2023-04-15,Utilities,18169
2023-04-16,Food,55590
2023-04-16,Transport,42856
2023-04-16,Entertainment,96636
2023-04-16,Utilities,43866
2023-04-17,Food,28548
2023-04-17,Transport,92605
2023-04-17,Entertainment,17411
2023-04-17,Utilities,84159
2023-04-18,Food,52196
2023-04-18,Transport,38772
2023-04-18,Entertainment,83215
2023-04-18,Utilities,43979
2023-04-19,Food,90220
2023-04-19,Transport,68448
2023-04-19,Entertainment,80667
2023-04-19,Utilities,17416
2023-04-20,Food,15007
2023-04-20,Transport,33272
2023-04-20,Entertainment,15298
2023-04-20,Utilities,37573
2023-04-21,Food,62861
2023-04-21,Transport,97815
2023-04-21,Entertainment,67400
2023-04-21,Utilities,85879
2023-04-22,Food,14194
2023-04-22,Transport,50512
2023-04-22,Entertainment,19987
2023-04-22,Utilities,87555
2023-04-23,Food,62024
2023-04-23,Transport,26063
2023-04-23,Entertainment,92895
2023-04-23,Utilities,97293
2023-04-24,Food,45042
2023-04-24,Transport,51287
2023-04-24,Entertainment,51022
2023-04-24,Utilities,27851
2023-04-25,Food,77342
2023-04-25,Transport,11498
2023-04-25,Entertainment,22729
2023-04-25,Utilities,61333
2023-04-26,Food,67296
2023-04-26,Transport,51837
2023-04-26,Entertainment,78129
2023-04-26,Utilities,75298
2023-04-27,Food,79029
2023-04-27,Transport,82532
2023-04-27,Entertainment,23677
2023-04-27,Utilities,83203
2023-04-28,Food,58430
2023-04-28,Transport,73894
2023-04-28,Entertainment,26354
2023-04-28,Utilities,90977
2023-04-29,Food,18176
2023-04-29,Transport,65066
2023-04-29,Entertainment,17527
2023-04-29,Utilities,15799
2023-04-30,Food,37953
2023-04-30,Transport,32867
2023-04-30,Entertainment,97048
2023-04-30,Utilities,77732
2023-05-01,Food,37850
2023-05-01,Transport,52100
2023-05-01,Entertainment,48503
2023-05-01,Utilities,78588
2023-05-02,Food,61749
2023-05-02,Transport,77781
2023-05-02,Entertainment,17686
2023-05-02,Utilities,15988
2023-05-03,Food,51745
2023-05-03,Transport,66982
2023-05-03,Entertainment,46167
2023-05-03,Utilities,46966
2023-05-04,Food,34091
2023-05-04,Transport,13343
2023-05-04,Entertainment,14974
2023-05-04,Utilities,59628
2023-05-05,Food,29159
2023-05-05,Transport,66244
2023-05-05,Entertainment,21597
2023-05-05,Utilities,97570
2023-05-06,Food,61200
2023-05-06,Transport,42949
2023-05-06,Entertainment,21907
2023-05-06,Utilities,24644
2023-05-07,Food,25750
2023-05-07,Transport,97314
2023-05-07,Entertainment,32973
2023-05-07,Utilities,80862
2023-05-08,Food,11629
2023-05-08,Transport,58303
2023-05-08,Entertainment,46154
2023-05-08,Utilities,16466
2023-05-09,Food,37770
2023-05-09,Transport,88887
2023-05-09,Entertainment,58540
2023-05-09,Utilities,58657
2023-05-10,Food,77599
2023-05-10,Transport,65953
2023-05-10,Entertainment,11913
2023-05-10,Utilities,96712
2023-05-11,Food,89989
2023-05-11,Transport,81716
2023-05-11,Entertainment,38246
2023-05-11,Utilities,28103
2023-05-12,Food,93509
2023-05-12,Transport,37827
2023-05-12,Entertainment,92909
2023-05-12,Utilities,32051
2023-05-13,Food,16922
2023-05-13,Transport,82012
2023-05-13,Entertainment,67260
2023-05-13,Utilities,61787
2023-05-14,Food,70263
2023-05-14,Transport,50071
2023-05-14,Entertainment,97978
2023-05-14,Utilities,40349
2023-05-15,Food,37381
2023-05-15,Transport,90520
2023-05-15,Entertainment,82352
2023-05-15,Utilities,21667
2023-05-16,Food,26375
2023-05-16,Transport,66029
2023-05-16,Entertainment,81546
2023-05-16,Utilities,92334
2023-05-17,Food,80105
2023-05-17,Transport,90733
2023-05-17,Entertainment,17528
2023-05-17,Utilities,71573
2023-05-18,Food,33544
2023-05-18,Transport,97096
2023-05-18,Entertainment,80623
2023-05-18,Utilities,37648
2023-05-19,Food,15140
2023-05-19,Transport,85824
2023-05-19,Entertainment,35537
2023-05-19,Utilities,58691
2023-05-20,Food,37102
2023-05-20,Transport,31434
2023-05-20,Entertainment,87528
2023-05-20,Utilities,75806
2023-05-21,Food,57860
2023-05-21,Transport,99873
2023-05-21,Entertainment,97638
2023-05-21,Utilities,72780
2023-05-22,Food,83631
2023-05-22,Transport,20291
2023-05-22,Entertainment,92245
2023-05-22,Utilities,64004
2023-05-23,Food,19571
2023-05-23,Transport,87197
2023-05-23,Entertainment,59671
2023-05-23,Utilities,11070
2023-05-24,Food,88334
2023-05-24,Transport,87055
2023-05-24,Entertainment,63333
2023-05-24,Utilities,63218
2023-05-25,Food,90548
2023-05-25,Transport,80260
2023-05-25,Entertainment,77076
2023-05-25,Utilities,61607
2023-05-26,Food,72393
2023-05-26,Transport,16803
2023-05-26,Entertainment,21313
2023-05-26,Utilities,22498
2023-05-27,Food,53955
2023-05-27,Transport,31843
2023-05-27,Entertainment,90449
2023-05-27,Utilities,42000
2023-05-28,Food,55637
2023-05-28,Transport,25893
2023-05-28,Entertainment,88198
2023-05-28,Utilities,72971
2023-05-29,Food,47092
2023-05-29,Transport,30876
2023-05-29,Entertainment,23411
2023-05-29,Utilities,41494
2023-05-30,Food,81144
2023-05-30,Transport,95846
2023-05-30,Entertainment,35153
2023-05-30,Utilities,66433
2023-05-31,Food,36447
2023-05-31,Transport,69302
2023-05-31,Entertainment,21920
2023-05-31,Utilities,47496
2023-06-01,Food,69555
2023-06-01,Transport,77240
2023-06-01,Entertainment,69872
2023-06-01,Utilities,61042
2023-06-02,Food,59260
2023-06-02,Transport,91859
2023-06-02,Entertainment,64937
2023-06-02,Utilities,84898
2023-06-03,Food,84451
2023-06-03,Transport,48781
2023-06-03,Entertainment,48418
2023-06-03,Utilities,96637
2023-06-04,Food,13814
2023-06-04,Transport,89713
2023-06-04,Entertainment,24686
2023-06-04,Utilities,36978
2023-06-05,Food,33607
2023-06-05,Transport,37487
2023-06-05,Entertainment,12797
2023-06-05,Utilities,58022
2023-06-06,Food,89470
2023-06-06,Transport,10787
2023-06-06,Entertainment,13528
2023-06-06,Utilities,85637
2023-06-07,Food,50345
2023-06-07,Transport,82292
2023-06-07,Entertainment,61416
2023-06-07,Utilities,84142
2023-06-08,Food,45723
2023-06-08,Transport,10961
2023-06-08,Entertainment,19723
2023-06-08,Utilities,36857
2023-06-09,Food,34667
2023-06-09,Transport,73164
2023-06-09,Entertainment,20860
2023-06-09,Utilities,64715
2023-06-10,Food,79365
2023-06-10,Transport,72159
2023-06-10,Entertainment,99371
2023-06-10,Utilities,31867
2023-06-11,Food,80017
2023-06-11,Transport,82741
2023-06-11,Entertainment,46037
2023-06-11,Utilities,89858
2023-06-12,Food,68845
2023-06-12,Transport,48151
2023-06-12,Entertainment,62980
2023-06-12,Utilities,94006
2023-06-13,Food,24770
2023-06-13,Transport,35723
2023-06-13,Entertainment,52310
2023-06-13,Utilities,13203
2023-06-14,Food,86985
2023-06-14,Transport,13304
2023-06-14,Entertainment,49213
2023-06-14,Utilities,12610
2023-06-15,Food,13504
2023-06-15,Transport,94073
2023-06-15,Entertainment,88240
2023-06-15,Utilities,21643
2023-06-16,Food,76436
2023-06-16,Transport,11245
2023-06-16,Entertainment,61931
2023-06-16,Utilities,69827
2023-06-17,Food,46899
2023-06-17,Transport,79267
2023-06-17,Entertainment,71538
2023-06-17,Utilities,72253
2023-06-18,Food,24909
2023-06-18,Transport,45041
2023-06-18,Entertainment,11444
2023-06-18,Utilities,61920
2023-06-19,Food,65267
2023-06-19,Transport,55889
2023-06-19,Entertainment,95523
2023-06-19,Utilities,91305
2023-06-20,Food,36418
2023-06-20,Transport,33249
2023-06-20,Entertainment,36085
2023-06-20,Utilities,76299
2023-06-21,Food,11202
2023-06-21,Transport,99938
2023-06-21,Entertainment,63141
2023-06-21,Utilities,69826
2023-06-22,Food,91803
2023-06-22,Transport,59981
2023-06-22,Entertainment,70342
2023-06-22,Utilities,93201
2023-06-23,Food,93534
2023-06-23,Transport,77305
2023-06-23,Entertainment,41399
2023-06-23,Utilities,29992
2023-06-24,Food,47949
2023-06-24,Transport,32166
2023-06-24,Entertainment,29275
2023-06-24,Utilities,96754
2023-06-25,Food,41095
2023-06-25,Transport,86755
2023-06-25,Entertainment,68518
2023-06-25,Utilities,37508
2023-06-26,Food,42749
2023-06-26,Transport,91914
2023-06-26,Entertainment,52377
2023-06-26,Utilities,12035
2023-06-27,Food,91912
2023-06-27,Transport,13445
2023-06-27,Entertainment,75155
2023-06-27,Utilities,96213
2023-06-28,Food,56739
2023-06-28,Transport,72488
2023-06-28,Entertainment,38665
2023-06-28,Utilities,86025
2023-06-29,Food,11995
2023-06-29,Transport,86984
2023-06-29,Entertainment,75830
2023-06-29,Utilities,88894
2023-06-30,Food,23234
2023-06-30,Transport,91204
2023-06-30,Entertainment,20058
2023-06-30,Utilities,23305
2023-07-01,Food,84283
2023-07-01,Transport,61221
2023-07-01,Entertainment,97545
2023-07-01,Utilities,58588
2023-07-02,Food,10956
2023-07-02,Transport,12828
2023-07-02,Entertainment,39538
2023-07-02,Utilities,85766
2023-07-03,Food,91498
2023-07-03,Transport,51815
2023-07-03,Entertainment,57140
2023-07-03,Utilities,86577
2023-07-04,Food,36362
2023-07-04,Transport,51304
2023-07-04,Entertainment,47650
2023-07-04,Utilities,10471
2023-07-05,Food,69201
2023-07-05,Transport,30404
2023-07-05,Entertainment,87295
2023-07-05,Utilities,49696
2023-07-06,Food,61370
2023-07-06,Transport,37875
2023-07-06,Entertainment,72303
2023-07-06,Utilities,79793
2023-07-07,Food,63417
2023-07-07,Transport,41470
2023-07-07,Entertainment,18384
2023-07-07,Utilities,24902
2023-07-08,Food,18627
2023-07-08,Transport,90322
2023-07-08,Entertainment,45688
2023-07-08,Utilities,21916
2023-07-09,Food,90299
2023-07-09,Transport,43887
2023-07-09,Entertainment,99836
2023-07-09,Utilities,31710
2023-07-10,Food,57272
2023-07-10,Transport,86581
2023-07-10,Entertainment,58371
2023-07-10,Utilities,78034
2023-07-11,Food,44899
2023-07-11,Transport,95832
2023-07-11,Entertainment,10619
2023-07-11,Utilities,14529
2023-07-12,Food,27913
2023-07-12,Transport,17485
2023-07-12,Entertainment,87449
2023-07-12,Utilities,78944
2023-07-13,Food,89203
2023-07-13,Transport,76703
2023-07-13,Entertainment,79989
2023-07-13,Utilities,33436
2023-07-14,Food,17705
2023-07-14,Transport,58244
2023-07-14,Entertainment,42746
2023-07-14,Utilities,99752
2023-07-15,Food,26724
2023-07-15,Transport,81293
2023-07-15,Entertainment,17459
2023-07-15,Utilities,85424
2023-07-16,Food,37507
2023-07-16,Transport,55421
2023-07-16,Entertainment,35402
2023-07-16,Utilities,31253
2023-07-17,Food,31007
2023-07-17,Transport,50121
2023-07-17,Entertainment,68037
2023-07-17,Utilities,79227
2023-07-18,Food,18036
2023-07-18,Transport,41508
2023-07-18,Entertainment,91822
2023-07-18,Utilities,95157
2023-07-19,Food,21810
2023-07-19,Transport,74870
2023-07-19,Entertainment,65898
2023-07-19,Utilities,76741
2023-07-20,Food,75567
2023-07-20,Transport,34394
2023-07-20,Entertainment,59622
2023-07-20,Utilities,73474
2023-07-21,Food,10989
2023-07-21,Transport,48157
2023-07-21,Entertainment,74850
2023-07-21,Utilities,35614
2023-07-22,Food,11448
2023-07-22,Transport,34533
2023-07-22,Entertainment,67186
2023-07-22,Utilities,73451
2023-07-23,Food,98920
2023-07-23,Transport,59443
2023-07-23,Entertainment,53864
2023-07-23,Utilities,39875
2023-07-24,Food,16268
2023-07-24,Transport,56119
2023-07-24,Entertainment,77960
2023-07-24,Utilities,58098
2023-07-25,Food,70276
2023-07-25,Transport,94663
2023-07-25,Entertainment,81571
2023-07-25,Utilities,18063
2023-07-26,Food,17250
2023-07-26,Transport,45765
2023-07-26,Entertainment,54437
2023-07-26,Utilities,44755
2023-07-27,Food,19325
2023-07-27,Transport,17466
2023-07-27,Entertainment,66260
2023-07-27,Utilities,53650
2023-07-28,Food,43947
2023-07-28,Transport,23000
2023-07-28,Entertainment,19207
2023-07-28,Utilities,27902
2023-07-29,Food,42773
2023-07-29,Transport,26322
2023-07-29,Entertainment,61443
2023-07-29,Utilities,73791
2023-07-30,Food,63524
2023-07-30,Transport,78226
2023-07-30,Entertainment,23871
2023-07-30,Utilities,89104
2023-07-31,Food,51605
2023-07-31,Transport,69640
2023-07-31,Entertainment,57957
2023-07-31,Utilities,37792
2023-08-01,Food,90306
2023-08-01,Transport,43794
2023-08-01,Entertainment,29877
2023-08-01,Utilities,27977
2023-08-02,Food,96712
2023-08-02,Transport,80300
2023-08-02,Entertainment,74506
2023-08-02,Utilities,97024
2023-08-03,Food,25510
2023-08-03,Transport,44262
2023-08-03,Entertainment,92102
2023-08-03,Utilities,58073
2023-08-04,Food,79590
2023-08-04,Transport,38218
2023-08-04,Entertainment,26689
2023-08-04,Utilities,84556
2023-08-05,Food,76150
2023-08-05,Transport,73524
2023-08-05,Entertainment,21910
2023-08-05,Utilities,57035
2023-08-06,Food,13818
2023-08-06,Transport,83521
2023-08-06,Entertainment,98357
2023-08-06,Utilities,69843
2023-08-07,Food,57406
2023-08-07,Transport,97818
2023-08-07,Entertainment,64230
2023-08-07,Utilities,43907
2023-08-08,Food,98220
2023-08-08,Transport,51915
2023-08-08,Entertainment,73585
2023-08-08,Utilities,43936
2023-08-09,Food,78148
2023-08-09,Transport,82937
2023-08-09,Entertainment,82145
2023-08-09,Utilities,25673
2023-08-10,Food,18882
2023-08-10,Transport,37400
2023-08-10,Entertainment,63177
2023-08-10,Utilities,30855
2023-08-11,Food,86653
2023-08-11,Transport,94391
2023-08-11,Entertainment,21560
2023-08-11,Utilities,71089
2023-08-12,Food,23033
2023-08-12,Transport,31363
2023-08-12,Entertainment,18067
2023-08-12,Utilities,70731
2023-08-13,Food,45908
2023-08-13,Transport,70991
2023-08-13,Entertainment,54391
2023-08-13,Utilities,64630
2023-08-14,Food,44951
2023-08-14,Transport,72163
2023-08-14,Entertainment,18920
2023-08-14,Utilities,46932
2023-08-15,Food,58680
2023-08-15,Transport,50676
2023-08-15,Entertainment,87859
2023-08-15,Utilities,68890
2023-08-16,Food,58638
2023-08-16,Transport,18552
2023-08-16,Entertainment,15922
2023-08-16,Utilities,24714
2023-08-17,Food,62581
2023-08-17,Transport,65427
2023-08-17,Entertainment,91228
2023-08-17,Utilities,17649
2023-08-18,Food,22165
2023-08-18,Transport,32981
2023-08-18,Entertainment,29972
2023-08-18,Utilities,47732
2023-08-19,Food,49475
2023-08-19,Transport,33776
2023-08-19,Entertainment,58618
2023-08-19,Utilities,38786
2023-08-20,Food,35431
2023-08-20,Transport,59321
2023-08-20,Entertainment,83088
2023-08-20,Utilities,11351
2023-08-21,Food,78877
2023-08-21,Transport,47067
2023-08-21,Entertainment,25383
2023-08-21,Utilities,40892
2023-08-22,Food,23919
2023-08-22,Transport,35747
2023-08-22,Entertainment,13580
2023-08-22,Utilities,28117
2023-08-23,Food,18388
2023-08-23,Transport,23009
2023-08-23,Entertainment,90220
2023-08-23,Utilities,56847
2023-08-24,Food,15543
2023-08-24,Transport,77990
2023-08-24,Entertainment,92052
2023-08-24,Utilities,76025
2023-08-25,Food,82382
2023-08-25,Transport,54083
2023-08-25,Entertainment,64779
2023-08-25,Utilities,33043
2023-08-26,Food,36698
2023-08-26,Transport,44948
2023-08-26,Entertainment,80086
2023-08-26,Utilities,72408
2023-08-27,Food,58159
2023-08-27,Transport,45417
2023-08-27,Entertainment,53839
2023-08-27,Utilities,91289
2023-08-28,Food,23228
2023-08-28,Transport,97346
2023-08-28,Entertainment,72932
2023-08-28,Utilities,25693
2023-08-29,Food,75534
2023-08-29,Transport,82747
2023-08-29,Entertainment,41394
2023-08-29,Utilities,23031
2023-08-30,Food,71527
2023-08-30,Transport,18500
2023-08-30,Entertainment,91260
2023-08-30,Utilities,97398
2023-08-31,Food,85140
2023-08-31,Transport,69010
2023-08-31,Entertainment,84813
2023-08-31,Utilities,52255
2023-09-01,Food,33139
2023-09-01,Transport,76327
2023-09-01,Entertainment,52720
2023-09-01,Utilities,30210
2023-09-02,Food,78159
2023-09-02,Transport,68664
2023-09-02,Entertainment,86809
2023-09-02,Utilities,34438
2023-09-03,Food,32103
2023-09-03,Transport,36795
2023-09-03,Entertainment,51618
2023-09-03,Utilities,47068
2023-09-04,Food,87186
2023-09-04,Transport,43259
2023-09-04,Entertainment,78157
2023-09-04,Utilities,40724
2023-09-05,Food,70709
2023-09-05,Transport,59592
2023-09-05,Entertainment,52084
2023-09-05,Utilities,64148
2023-09-06,Food,54426
2023-09-06,Transport,83398
2023-09-06,Entertainment,51279
2023-09-06,Utilities,28859
2023-09-07,Food,39409
2023-09-07,Transport,91437
2023-09-07,Entertainment,23328
2023-09-07,Utilities,15006
2023-09-08,Food,58793
2023-09-08,Transport,55069
2023-09-08,Entertainment,73218
2023-09-08,Utilities,24039
2023-09-09,Food,86963
2023-09-09,Transport,15298
2023-09-09,Entertainment,48442
2023-09-09,Utilities,90975
2023-09-10,Food,82802
2023-09-10,Transport,50691
2023-09-10,Entertainment,35270
2023-09-10,Utilities,43496
2023-09-11,Food,35832
2023-09-11,Transport,46121
2023-09-11,Entertainment,97903
2023-09-11,Utilities,44053
2023-09-12,Food,29421
2023-09-12,Transport,38995
2023-09-12,Entertainment,59382
2023-09-12,Utilities,45516
2023-09-13,Food,79319
2023-09-13,Transport,59547
2023-09-13,Entertainment,84921
2023-09-13,Utilities,92054
2023-09-14,Food,41669
2023-09-14,Transport,71761
2023-09-14,Entertainment,45038
2023-09-14,Utilities,46941
2023-09-15,Food,34152
2023-09-15,Transport,10034
2023-09-15,Entertainment,10451
2023-09-15,Utilities,90987
2023-09-16,Food,80306
2023-09-16,Transport,84072
2023-09-16,Entertainment,91511
2023-09-16,Utilities,88165
2023-09-17,Food,74318
2023-09-17,Transport,38835
2023-09-17,Entertainment,51127
2023-09-17,Utilities,39447
2023-09-18,Food,30740
2023-09-18,Transport,55070
2023-09-18,Entertainment,57237
2023-09-18,Utilities,89099
2023-09-19,Food,67538
2023-09-19,Transport,39676
2023-09-19,Entertainment,39552
2023-09-19,Utilities,14495
2023-09-20,Food,99687
2023-09-20,Transport,61119
2023-09-20,Entertainment,76424
2023-09-20,Utilities,24019
2023-09-21,Food,86190
2023-09-21,Transport,69229
2023-09-21,Entertainment,84651
2023-09-21,Utilities,73046
2023-09-22,Food,63018
2023-09-22,Transport,41377
2023-09-22,Entertainment,55810
2023-09-22,Utilities,65353
2023-09-23,Food,25231
2023-09-23,Transport,92745
2023-09-23,Entertainment,15075
2023-09-23,Utilities,28751
2023-09-24,Food,24512
2023-09-24,Transport,54781
2023-09-24,Entertainment,90933
2023-09-24,Utilities,71893
2023-09-25,Food,46396
2023-09-25,Transport,76005
2023-09-25,Entertainment,59649
2023-09-25,Utilities,97028
2023-09-26,Food,40965
2023-09-26,Transport,84959
2023-09-26,Entertainment,54984
2023-09-26,Utilities,22083
2023-09-27,Food,79498
2023-09-27,Transport,44188
2023-09-27,Entertainment,77286
2023-09-27,Utilities,43653
2023-09-28,Food,27803
2023-09-28,Transport,96835
2023-09-28,Entertainment,25964
2023-09-28,Utilities,61349
2023-09-29,Food,67850
2023-09-29,Transport,24194
2023-09-29,Entertainment,35858
2023-09-29,Utilities,84317
2023-09-30,Food,96558
2023-09-30,Transport,38827
2023-09-30,Entertainment,68523
2023-09-30,Utilities,98410
2023-10-01,Food,62727
2023-10-01,Transport,98696
2023-10-01,Entertainment,69012
2023-10-01,Utilities,18094
2023-10-02,Food,50783
2023-10-02,Transport,48478
2023-10-02,Entertainment,73184
2023-10-02,Utilities,28331
2023-10-03,Food,32685
2023-10-03,Transport,82220
2023-10-03,Entertainment,63503
2023-10-03,Utilities,73207
2023-10-04,Food,16779
2023-10-04,Transport,48061
2023-10-04,Entertainment,68283
2023-10-04,Utilities,35445
2023-10-05,Food,26350
2023-10-05,Transport,76328
2023-10-05,Entertainment,82100
2023-10-05,Utilities,37686
2023-10-06,Food,13651
2023-10-06,Transport,48110
2023-10-06,Entertainment,98178
2023-10-06,Utilities,62072
2023-10-07,Food,56598
2023-10-07,Transport,69030
2023-10-07,Entertainment,83599
2023-10-07,Utilities,13732
2023-10-08,Food,76323
2023-10-08,Transport,73642
2023-10-08,Entertainment,41405
2023-10-08,Utilities,30509
2023-10-09,Food,57373
2023-10-09,Transport,88536
2023-10-09,Entertainment,10151
2023-10-09,Utilities,52521
2023-10-10,Food,99329
2023-10-10,Transport,50854
2023-10-10,Entertainment,90557
2023-10-10,Utilities,60204
2023-10-11,Food,59533
2023-10-11,Transport,12559
2023-10-11,Entertainment,22176
2023-10-11,Utilities,14224
2023-10-12,Food,67408
2023-10-12,Transport,77277
2023-10-12,Entertainment,20813
2023-10-12,Utilities,72165
2023-10-13,Food,93614
2023-10-13,Transport,14504
2023-10-13,Entertainment,36050
2023-10-13,Utilities,23139
2023-10-14,Food,57920
2023-10-14,Transport,12903
2023-10-14,Entertainment,78310
2023-10-14,Utilities,95539
2023-10-15,Food,74064
2023-10-15,Transport,96237
2023-10-15,Entertainment,70281
2023-10-15,Utilities,25423
2023-10-16,Food,47929
2023-10-16,Transport,67714
2023-10-16,Entertainment,56455
2023-10-16,Utilities,93911
2023-10-17,Food,90816
2023-10-17,Transport,63823
2023-10-17,Entertainment,61068
2023-10-17,Utilities,74349
2023-10-18,Food,87969
2023-10-18,Transport,33264
2023-10-18,Entertainment,18523
2023-10-18,Utilities,65635
2023-10-19,Food,87110
2023-10-19,Transport,96246
2023-10-19,Entertainment,75435
2023-10-19,Utilities,37521
2023-10-20,Food,31677
2023-10-20,Transport,52770
2023-10-20,Entertainment,77744
2023-10-20,Utilities,14880
2023-10-21,Food,29718
2023-10-21,Transport,96786
2023-10-21,Entertainment,90201
2023-10-21,Utilities,69270
2023-10-22,Food,92190
2023-10-22,Transport,72465
2023-10-22,Entertainment,57905
2023-10-22,Utilities,15533
2023-10-23,Food,89650
2023-10-23,Transport,89754
2023-10-23,Entertainment,71877
2023-10-23,Utilities,78459
2023-10-24,Food,12093
2023-10-24,Transport,48463
2023-10-24,Entertainment,54103
2023-10-24,Utilities,10395
2023-10-25,Food,43000
2023-10-25,Transport,56980
2023-10-25,Entertainment,30510
2023-10-25,Utilities,54748
2023-10-26,Food,71313
2023-10-26,Transport,65487
2023-10-26,Entertainment,79102
2023-10-26,Utilities,52216
2023-10-27,Food,52857
2023-10-27,Transport,48123
2023-10-27,Entertainment,51725
2023-10-27,Utilities,94039
2023-10-28,Food,38206
2023-10-28,Transport,29489
2023-10-28,Entertainment,77073
2023-10-28,Utilities,28611
2023-10-29,Food,59321
2023-10-29,Transport,71402
2023-10-29,Entertainment,74625
2023-10-29,Utilities,57824
2023-10-30,Food,12891
2023-10-30,Transport,53271
2023-10-30,Entertainment,10531
2023-10-30,Utilities,39567
2023-10-31,Food,94746
2023-10-31,Transport,13972
2023-10-31,Entertainment,34564
2023-10-31,Utilities,30434
2023-11-01,Food,40499
2023-11-01,Transport,39998
2023-11-01,Entertainment,32782
2023-11-01,Utilities,63260
2023-11-02,Food,79357
2023-11-02,Transport,24319
2023-11-02,Entertainment,12418
2023-11-02,Utilities,32684
2023-11-03,Food,27254
2023-11-03,Transport,44633
2023-11-03,Entertainment,75446
2023-11-03,Utilities,60902
2023-11-04,Food,59721
2023-11-04,Transport,83212
2023-11-04,Entertainment,48157
2023-11-04,Utilities,70299
2023-11-05,Food,79536
2023-11-05,Transport,23479
2023-11-05,Entertainment,77755
2023-11-05,Utilities,52914
2023-11-06,Food,87742
2023-11-06,Transport,69118
2023-11-06,Entertainment,79459
2023-11-06,Utilities,16116
2023-11-07,Food,59820
2023-11-07,Transport,69700
2023-11-07,Entertainment,63129
2023-11-07,Utilities,35005
2023-11-08,Food,85009
2023-11-08,Transport,99330
2023-11-08,Entertainment,77455
2023-11-08,Utilities,49498
2023-11-09,Food,39636
2023-11-09,Transport,68601
2023-11-09,Entertainment,54125
2023-11-09,Utilities,10989
2023-11-10,Food,56897
2023-11-10,Transport,49303
2023-11-10,Entertainment,78002
2023-11-10,Utilities,98059
2023-11-11,Food,40861
2023-11-11,Transport,18234
2023-11-11,Entertainment,44859
2023-11-11,Utilities,42840
2023-11-12,Food,73083
2023-11-12,Transport,52266
2023-11-12,Entertainment,71267
2023-11-12,Utilities,65276
2023-11-13,Food,58582
2023-11-13,Transport,30296
2023-11-13,Entertainment,93936
2023-11-13,Utilities,66103
2023-11-14,Food,80400
2023-11-14,Transport,53232
2023-11-14,Entertainment,60117
2023-11-14,Utilities,43168
2023-11-15,Food,93310
2023-11-15,Transport,33891
2023-11-15,Entertainment,83995
2023-11-15,Utilities,49410
2023-11-16,Food,28440
2023-11-16,Transport,15302
2023-11-16,Entertainment,90238
2023-11-16,Utilities,29907
2023-11-17,Food,27527
2023-11-17,Transport,23831
2023-11-17,Entertainment,61077
2023-11-17,Utilities,66431
2023-11-18,Food,49210
2023-11-18,Transport,87809
2023-11-18,Entertainment,34216
2023-11-18,Utilities,95224
2023-11-19,Food,88420
2023-11-19,Transport,85498
2023-11-19,Entertainment,14148
2023-11-19,Utilities,57038
2023-11-20,Food,87816
2023-11-20,Transport,85029
2023-11-20,Entertainment,58027
2023-11-20,Utilities,17044
2023-11-21,Food,80420
2023-11-21,Transport,62178
2023-11-21,Entertainment,54923
2023-11-21,Utilities,61674
2023-11-22,Food,30637
2023-11-22,Transport,18618
2023-11-22,Entertainment,98669
2023-11-22,Utilities,97587
2023-11-23,Food,27581
2023-11-23,Transport,38223
2023-11-23,Entertainment,12475
2023-11-23,Utilities,76804
2023-11-24,Food,66163
2023-11-24,Transport,78763
2023-11-24,Entertainment,33844
2023-11-24,Utilities,15418
2023-11-25,Food,25345
2023-11-25,Transport,53944
2023-11-25,Entertainment,95104
2023-11-25,Utilities,72013
2023-11-26,Food,88451
2023-11-26,Transport,78626
2023-11-26,Entertainment,28454
2023-11-26,Utilities,80798
2023-11-27,Food,72785
2023-11-27,Transport,84175
2023-11-27,Entertainment,90167
2023-11-27,Utilities,10437
2023-11-28,Food,80551
2023-11-28,Transport,55585
2023-11-28,Entertainment,89842
2023-11-28,Utilities,99350
2023-11-29,Food,96443
2023-11-29,Transport,31174
2023-11-29,Entertainment,33975
2023-11-29,Utilities,59348
2023-11-30,Food,39388
2023-11-30,Transport,69167
2023-11-30,Entertainment,62000
2023-11-30,Utilities,16863
2023-12-01,Food,44048
2023-12-01,Transport,66597
2023-12-01,Entertainment,14875
2023-12-01,Utilities,10886
2023-12-02,Food,49690
2023-12-02,Transport,44810
2023-12-02,Entertainment,94898
2023-12-02,Utilities,78215
2023-12-03,Food,11844
2023-12-03,Transport,41218
2023-12-03,Entertainment,55013
2023-12-03,Utilities,32985
2023-12-04,Food,13281
2023-12-04,Transport,31197
2023-12-04,Entertainment,37735
2023-12-04,Utilities,79172
2023-12-05,Food,32744
2023-12-05,Transport,79621
2023-12-05,Entertainment,62290
2023-12-05,Utilities,64860
2023-12-06,Food,94967
2023-12-06,Transport,41463
2023-12-06,Entertainment,67976
2023-12-06,Utilities,19067
2023-12-07,Food,30770
2023-12-07,Transport,38879
2023-12-07,Entertainment,83498
2023-12-07,Utilities,35936
2023-12-08,Food,34832
2023-12-08,Transport,49131
2023-12-08,Entertainment,13803
2023-12-08,Utilities,84120
2023-12-09,Food,61234
2023-12-09,Transport,50695
2023-12-09,Entertainment,65363
2023-12-09,Utilities,64798
2023-12-10,Food,69119
2023-12-10,Transport,11658
2023-12-10,Entertainment,27292
2023-12-10,Utilities,83307
2023-12-11,Food,56799
2023-12-11,Transport,64411
2023-12-11,Entertainment,94071
2023-12-11,Utilities,55756
2023-12-12,Food,48605
2023-12-12,Transport,71325
2023-12-12,Entertainment,25863
2023-12-12,Utilities,86442
2023-12-13,Food,13866
2023-12-13,Transport,40781
2023-12-13,Entertainment,64365
2023-12-13,Utilities,28889
2023-12-14,Food,38506
2023-12-14,Transport,46614
2023-12-14,Entertainment,83427
2023-12-14,Utilities,92824
2023-12-15,Food,61388
2023-12-15,Transport,62444
2023-12-15,Entertainment,81893
2023-12-15,Utilities,80910
2023-12-16,Food,53019
2023-12-16,Transport,28587
2023-12-16,Entertainment,40085
2023-12-16,Utilities,26541
2023-12-17,Food,11443
2023-12-17,Transport,27296
2023-12-17,Entertainment,92577
2023-12-17,Utilities,67537
2023-12-18,Food,83432
2023-12-18,Transport,21718
2023-12-18,Entertainment,17703
2023-12-18,Utilities,71893
2023-12-19,Food,52844
2023-12-19,Transport,95410
2023-12-19,Entertainment,10558
2023-12-19,Utilities,87795
2023-12-20,Food,86178
2023-12-20,Transport,32952
2023-12-20,Entertainment,81883
2023-12-20,Utilities,88466
2023-12-21,Food,31914
2023-12-21,Transport,21311
2023-12-21,Entertainment,61308
2023-12-21,Utilities,19143
2023-12-22,Food,31050
2023-12-22,Transport,74232
2023-12-22,Entertainment,79629
2023-12-22,Utilities,21275
2023-12-23,Food,58018
2023-12-23,Transport,15557
2023-12-23,Entertainment,93962
2023-12-23,Utilities,46373
2023-12-24,Food,92536
2023-12-24,Transport,23071
2023-12-24,Entertainment,33471
2023-12-24,Utilities,92405
2023-12-25,Food,81616
2023-12-25,Transport,83127
2023-12-25,Entertainment,64894
2023-12-25,Utilities,31289
2023-12-26,Food,96906
2023-12-26,Transport,92232
2023-12-26,Entertainment,95317
2023-12-26,Utilities,72805
2023-12-27,Food,27670
2023-12-27,Transport,66029
2023-12-27,Entertainment,40415
2023-12-27,Utilities,73512
2023-12-28,Food,25316
2023-12-28,Transport,20355
2023-12-28,Entertainment,38239
2023-12-28,Utilities,70296
2023-12-29,Food,94755
2023-12-29,Transport,55931
2023-12-29,Entertainment,30536
2023-12-29,Utilities,95141
2023-12-30,Food,32446
2023-12-30,Transport,18380
2023-12-30,Entertainment,42785
2023-12-30,Utilities,70711
2023-12-31,Food,55815
2023-12-31,Transport,21223
2023-12-31,Entertainment,25360
2023-12-31,Utilities,64784
2024-01-01,Food,33276
2024-01-01,Transport,97667
2024-01-01,Entertainment,78211
2024-01-01,Utilities,18578
2024-01-02,Food,20599
2024-01-02,Transport,34866
2024-01-02,Entertainment,23592
2024-01-02,Utilities,38031
2024-01-03,Food,32337
2024-01-03,Transport,13460
2024-01-03,Entertainment,86732
2024-01-03,Utilities,13146
2024-01-04,Food,72879
2024-01-04,Transport,77382
2024-01-04,Entertainment,37980
2024-01-04,Utilities,22312
2024-01-05,Food,13387
2024-01-05,Transport,19961
2024-01-05,Entertainment,67641
2024-01-05,Utilities,63885
2024-01-06,Food,35029
2024-01-06,Transport,88577
2024-01-06,Entertainment,25744
2024-01-06,Utilities,61668
2024-01-07,Food,50307
2024-01-07,Transport,79509
2024-01-07,Entertainment,70939
2024-01-07,Utilities,66732
2024-01-08,Food,27284
2024-01-08,Transport,98169
2024-01-08,Entertainment,40103
2024-01-08,Utilities,89630
2024-01-09,Food,80906
2024-01-09,Transport,38808
2024-01-09,Entertainment,45542
2024-01-09,Utilities,36784
2024-01-10,Food,86944
2024-01-10,Transport,60615
2024-01-10,Entertainment,99433
2024-01-10,Utilities,55198
2024-01-11,Food,83965
2024-01-11,Transport,45873
2024-01-11,Entertainment,43719
2024-01-11,Utilities,75724
2024-01-12,Food,23189
2024-01-12,Transport,43944
2024-01-12,Entertainment,87443
2024-01-12,Utilities,35430
2024-01-13,Food,32047
2024-01-13,Transport,48019
2024-01-13,Entertainment,19157
2024-01-13,Utilities,62106
2024-01-14,Food,58090
2024-01-14,Transport,76341
2024-01-14,Entertainment,22261
2024-01-14,Utilities,30873
2024-01-15,Food,97692
2024-01-15,Transport,97072
2024-01-15,Entertainment,11361
2024-01-15,Utilities,43986
2024-01-16,Food,44157
2024-01-16,Transport,61143
2024-01-16,Entertainment,83664
2024-01-16,Utilities,66855
2024-01-17,Food,96400
2024-01-17,Transport,16613
2024-01-17,Entertainment,12166
2024-01-17,Utilities,11806
2024-01-18,Food,69591
2024-01-18,Transport,41568
2024-01-18,Entertainment,46954
2024-01-18,Utilities,19663
2024-01-19,Food,75916
2024-01-19,Transport,78921
2024-01-19,Entertainment,53450
2024-01-19,Utilities,72295
2024-01-20,Food,34198
2024-01-20,Transport,38450
2024-01-20,Entertainment,46474
2024-01-20,Utilities,38577
2024-01-21,Food,51609
2024-01-21,Transport,21646
2024-01-21,Entertainment,43827
2024-01-21,Utilities,86234
2024-01-22,Food,91171
2024-01-22,Transport,53306
2024-01-22,Entertainment,28538
2024-01-22,Utilities,96108
2024-01-23,Food,89581
2024-01-23,Transport,36808
2024-01-23,Entertainment,84392
2024-01-23,Utilities,52932
2024-01-24,Food,96198
2024-01-24,Transport,93093
2024-01-24,Entertainment,15197
2024-01-24,Utilities,51163
2024-01-25,Food,79801
2024-01-25,Transport,10590
2024-01-25,Entertainment,43434
2024-01-25,Utilities,47511
2024-01-26,Food,61727
2024-01-26,Transport,59588
2024-01-26,Entertainment,13652
2024-01-26,Utilities,23987
2024-01-27,Food,52955
2024-01-27,Transport,80422
2024-01-27,Entertainment,26322
2024-01-27,Utilities,45848
2024-01-28,Food,96102
2024-01-28,Transport,11602
2024-01-28,Entertainment,99820
2024-01-28,Utilities,56591
2024-01-29,Food,60668
2024-01-29,Transport,48080
2024-01-29,Entertainment,85176
2024-01-29,Utilities,61035
2024-01-30,Food,16430
2024-01-30,Transport,64855
2024-01-30,Entertainment,59108
2024-01-30,Utilities,53711
2024-01-31,Food,54327
2024-01-31,Transport,43567
2024-01-31,Entertainment,76996
2024-01-31,Utilities,64905
2024-02-01,Food,87462
2024-02-01,Transport,13579
2024-02-01,Entertainment,64434
2024-02-01,Utilities,65076
2024-02-02,Food,22811
2024-02-02,Transport,79759
2024-02-02,Entertainment,56569
2024-02-02,Utilities,42402
2024-02-03,Food,48319
2024-02-03,Transport,49425
2024-02-03,Entertainment,83127
2024-02-03,Utilities,70777
2024-02-04,Food,56067
2024-02-04,Transport,81729
2024-02-04,Entertainment,46397
2024-02-04,Utilities,37748
2024-02-05,Food,10024
2024-02-05,Transport,16028
2024-02-05,Entertainment,61659
2024-02-05,Utilities,60586
2024-02-06,Food,61078
2024-02-06,Transport,39120
2024-02-06,Entertainment,40064
2024-02-06,Utilities,53528
2024-02-07,Food,47030
2024-02-07,Transport,78551
2024-02-07,Entertainment,66373
2024-02-07,Utilities,28529
2024-02-08,Food,85396
2024-02-08,Transport,44026
2024-02-08,Entertainment,65773
2024-02-08,Utilities,89871
2024-02-09,Food,84122
2024-02-09,Transport,79771
2024-02-09,Entertainment,36440
2024-02-09,Utilities,69485
2024-02-10,Food,40647
2024-02-10,Transport,84903
2024-02-10,Entertainment,85028
2024-02-10,Utilities,93238
2024-02-11,Food,33002
2024-02-11,Transport,98360
2024-02-11,Entertainment,65868
2024-02-11,Utilities,10841
2024-02-12,Food,34393
2024-02-12,Transport,55751
2024-02-12,Entertainment,53208
2024-02-12,Utilities,61092
2024-02-13,Food,19277
2024-02-13,Transport,36486
2024-02-13,Entertainment,96000
2024-02-13,Utilities,41078
2024-02-14,Food,49336
2024-02-14,Transport,85314
2024-02-14,Entertainment,65753
2024-02-14,Utilities,74930
2024-02-15,Food,66752
2024-02-15,Transport,74582
2024-02-15,Entertainment,99994
2024-02-15,Utilities,83721
2024-02-16,Food,42255
2024-02-16,Transport,41580
2024-02-16,Entertainment,80336
2024-02-16,Utilities,52050
2024-02-17,Food,45765
2024-02-17,Transport,69578
2024-02-17,Entertainment,70928
2024-02-17,Utilities,82809
2024-02-18,Food,73851
2024-02-18,Transport,55958
2024-02-18,Entertainment,61927
2024-02-18,Utilities,59197
2024-02-19,Food,82093
2024-02-19,Transport,52962
2024-02-19,Entertainment,64672
2024-02-19,Utilities,40697
2024-02-20,Food,93157
2024-02-20,Transport,30661
2024-02-20,Entertainment,86604
2024-02-20,Utilities,87158
2024-02-21,Food,30899
2024-02-21,Transport,67795
2024-02-21,Entertainment,87374
2024-02-21,Utilities,81051
2024-02-22,Food,67755
2024-02-22,Transport,11526
2024-02-22,Entertainment,45659
2024-02-22,Utilities,12622
2024-02-23,Food,10899
2024-02-23,Transport,73178
2024-02-23,Entertainment,47878
2024-02-23,Utilities,56495
2024-02-24,Food,34748
2024-02-24,Transport,63742
2024-02-24,Entertainment,62528
2024-02-24,Utilities,40982
